Forecast Date,Quarter being forecasted,GDP Nowcast
5/1/14,6/30/14,3.9
5/2/14,6/30/14,4.2
5/6/14,6/30/14,4
5/9/14,6/30/14,3.7
5/12/14,6/30/14,3.6
5/13/14,6/30/14,3.6
5/15/14,6/30/14,3.2
5/16/14,6/30/14,3.2
5/22/14,6/30/14,3.2
5/23/14,6/30/14,3.2
5/27/14,6/30/14,3.1
5/30/14,6/30/14,2.7
6/2/14,6/30/14,3.2
6/3/14,6/30/14,3.1
6/4/14,6/30/14,2.6
6/6/14,6/30/14,2.7
6/10/14,6/30/14,2.9
6/11/14,6/30/14,2.9
6/12/14,6/30/14,2.9
6/16/14,6/30/14,3
6/17/14,6/30/14,2.8
6/23/14,6/30/14,2.9
6/24/14,6/30/14,3
6/26/14,6/30/14,2.2
7/1/14,6/30/14,2.5
7/2/14,6/30/14,2.4
7/3/14,6/30/14,2.6
7/10/14,6/30/14,2.6
7/11/14,6/30/14,2.5
7/15/14,6/30/14,2.7
7/16/14,6/30/14,2.7
7/17/14,6/30/14,2.7
7/22/14,6/30/14,2.7
7/24/14,6/30/14,2.7
7/25/14,6/30/14,2.7
8/4/14,9/30/14,2.6
8/5/14,9/30/14,2.6
8/6/14,9/30/14,2.8
8/8/14,9/30/14,2.9
8/12/14,9/30/14,2.8
8/13/14,9/30/14,2.7
8/15/14,9/30/14,2.9
8/19/14,9/30/14,3
8/21/14,9/30/14,3
8/25/14,9/30/14,3
8/26/14,9/30/14,3.2
8/29/14,9/30/14,2.3
9/2/14,9/30/14,3.2
9/3/14,9/30/14,3.3
9/4/14,9/30/14,3.6
9/5/14,9/30/14,3.1
9/10/14,9/30/14,3
9/11/14,9/30/14,3.1
9/12/14,9/30/14,3.4
9/15/14,9/30/14,3.2
9/17/14,9/30/14,3.2
9/18/14,9/30/14,3.2
9/22/14,9/30/14,3.2
9/24/14,9/30/14,3.3
9/25/14,9/30/14,3.3
9/29/14,9/30/14,3.6
10/1/14,9/30/14,3.3
10/2/14,9/30/14,3.1
10/3/14,9/30/14,3.2
10/9/14,9/30/14,3.2
10/15/14,9/30/14,2.9
10/16/14,9/30/14,3
10/17/14,9/30/14,3
10/21/14,9/30/14,3.1
10/22/14,9/30/14,3
10/24/14,9/30/14,2.7
10/28/14,9/30/14,2.7
10/31/14,12/31/14,2.1
11/3/14,12/31/14,3.3
11/4/14,12/31/14,3.1
11/5/14,12/31/14,3.1
11/7/14,12/31/14,2.2
11/12/14,12/31/14,2.3
11/13/14,12/31/14,2.4
11/14/14,12/31/14,2.6
11/17/14,12/31/14,2.2
11/19/14,12/31/14,2.3
11/20/14,12/31/14,2.2
11/26/14,12/31/14,2.3
12/1/14,12/31/14,3.1
12/2/14,12/31/14,3
12/5/14,12/31/14,2.1
12/9/14,12/31/14,2.1
12/11/14,12/31/14,2.2
12/15/14,12/31/14,2.6
12/16/14,12/31/14,2.7
12/17/14,12/31/14,2.8
12/23/14,12/31/14,3
1/2/15,12/31/14,3.1
1/6/15,12/31/14,3
1/7/15,12/31/14,3.3
1/9/15,12/31/14,3.5
1/13/15,12/31/14,3.8
1/14/15,12/31/14,3.4
1/16/15,12/31/14,3.5
1/21/15,12/31/14,3.5
1/23/15,12/31/14,3.5
1/27/15,12/31/14,3.5
2/2/15,3/31/15,1.9
2/3/15,3/31/15,2.3
2/5/15,3/31/15,2.1
2/6/15,3/31/15,2.2
2/10/15,3/31/15,2.3
2/12/15,3/31/15,2.2
2/13/15,3/31/15,2.3
2/18/15,3/31/15,1.9
2/23/15,3/31/15,1.8
2/26/15,3/31/15,1.7
3/2/15,3/31/15,1.2
3/5/15,3/31/15,1.3
3/6/15,3/31/15,1.2
3/10/15,3/31/15,1.4
3/12/15,3/31/15,0.6
3/13/15,3/31/15,0.8
3/16/15,3/31/15,0.4
3/17/15,3/31/15,0.3
3/23/15,3/31/15,0.3
3/24/15,3/31/15,0.3
3/25/15,3/31/15,0.2
3/30/15,3/31/15,0.2
4/1/15,3/31/15,0
4/2/15,3/31/15,0.1
4/3/15,3/31/15,0.2
4/6/15,3/31/15,0.2
4/9/15,3/31/15,0.3
4/10/15,3/31/15,0.3
4/13/15,3/31/15,0.2
4/14/15,3/31/15,0.2
4/15/15,3/31/15,0.1
4/16/15,3/31/15,0.1
4/17/15,3/31/15,0.1
4/22/15,3/31/15,0.2
4/23/15,3/31/15,0.2
4/24/15,3/31/15,0.1
4/30/15,6/30/15,0.9
5/1/15,6/30/15,0.8
5/4/15,6/30/15,0.9
5/5/15,6/30/15,0.8
5/8/15,6/30/15,0.8
5/12/15,6/30/15,0.8
5/13/15,6/30/15,0.7
5/15/15,6/30/15,0.6
5/19/15,6/30/15,0.7
5/21/15,6/30/15,0.6
5/22/15,6/30/15,0.6
5/26/15,6/30/15,0.8
6/1/15,6/30/15,0.8
6/2/15,6/30/15,0.8
6/3/15,6/30/15,1.1
6/4/15,6/30/15,1.4
6/5/15,6/30/15,1.5
6/9/15,6/30/15,1.5
6/10/15,6/30/15,1.5
6/11/15,6/30/15,1.9
6/15/15,6/30/15,2
6/16/15,6/30/15,1.9
6/18/15,6/30/15,1.9
6/22/15,6/30/15,2
6/23/15,6/30/15,2
6/25/15,6/30/15,2.1
7/1/15,6/30/15,2.2
7/2/15,6/30/15,2.2
7/6/15,6/30/15,2.1
7/7/15,6/30/15,2.3
7/10/15,6/30/15,2.5
7/13/15,6/30/15,2.6
7/14/15,6/30/15,2.4
7/15/15,6/30/15,2.3
7/17/15,6/30/15,2.4
7/22/15,6/30/15,2.4
7/24/15,6/30/15,2.4
7/27/15,6/30/15,2.4
8/6/15,9/30/15,0.9
8/7/15,9/30/15,0.9
8/11/15,9/30/15,0.6
8/12/15,9/30/15,0.7
8/13/15,9/30/15,0.7
8/14/15,9/30/15,1.2
8/18/15,9/30/15,1.3
8/19/15,9/30/15,1.3
8/20/15,9/30/15,1.3
8/26/15,9/30/15,1.4
8/28/15,9/30/15,1.2
8/29/15,9/30/15,1.4
9/1/15,9/30/15,1.3
9/2/15,9/30/15,1.4
9/3/15,9/30/15,1.5
9/4/15,9/30/15,1.4
9/10/15,9/30/15,1.4
9/11/15,9/30/15,1.3
9/15/15,9/30/15,1.5
9/16/15,9/30/15,1.4
9/17/15,9/30/15,1.5
9/21/15,9/30/15,1.4
9/24/15,9/30/15,1.4
9/28/15,9/30/15,1.8
9/29/15,9/30/15,1.1
10/1/15,9/30/15,0.9
10/2/15,9/30/15,0.7
10/5/15,9/30/15,0.9
10/6/15,9/30/15,1.1
10/9/15,9/30/15,1
10/14/15,9/30/15,0.9
10/15/15,9/30/15,0.8
10/16/15,9/30/15,0.8
10/20/15,9/30/15,0.9
10/22/15,9/30/15,0.9
10/26/15,9/30/15,0.9
10/27/15,9/30/15,0.8
10/28/15,9/30/15,1.1
10/30/15,12/31/15,2.5
11/2/15,12/31/15,1.9
11/3/15,12/31/15,1.9
11/4/15,12/31/15,2.3
11/6/15,12/31/15,2.9
11/10/15,12/31/15,2.5
11/12/15,12/31/15,2.6
11/13/15,12/31/15,2.3
11/17/15,12/31/15,2.3
11/18/15,12/31/15,2.3
11/23/15,12/31/15,2.2
11/25/15,12/31/15,1.8
11/27/15,12/31/15,1.8
12/1/15,12/31/15,1.4
12/2/15,12/31/15,1.5
12/3/15,12/31/15,1.7
12/4/15,12/31/15,1.5
12/9/15,12/31/15,1.7
12/10/15,12/31/15,1.7
12/11/15,12/31/15,1.9
12/15/15,12/31/15,2
12/16/15,12/31/15,1.9
12/23/15,12/31/15,1.3
12/29/15,12/31/15,1.2
1/4/16,12/31/15,0.7
1/6/16,12/31/15,1
1/7/16,12/31/15,0.9
1/8/16,12/31/15,0.8
1/13/16,12/31/15,0.8
1/14/16,12/31/15,0.8
1/15/16,12/31/15,0.6
1/20/16,12/31/15,0.7
1/22/16,12/31/15,0.9
1/27/16,12/31/15,0.9
1/28/16,12/31/15,1
2/1/16,3/31/16,1.2
2/3/16,3/31/16,1.4
2/4/16,3/31/16,1.5
2/5/16,3/31/16,2.2
2/9/16,3/31/16,2.5
2/10/16,3/31/16,2.5
2/12/16,3/31/16,2.7
2/17/16,3/31/16,2.6
2/19/16,3/31/16,2.4
2/23/16,3/31/16,2.4
2/24/16,3/31/16,2.4
2/25/16,3/31/16,2.5
2/26/16,3/31/16,2.1
3/1/16,3/31/16,1.9
3/2/16,3/31/16,1.9
3/3/16,3/31/16,2
3/4/16,3/31/16,2.2
3/9/16,3/31/16,2.2
3/10/16,3/31/16,2.3
3/11/16,3/31/16,2.3
3/15/16,3/31/16,1.9
3/16/16,3/31/16,1.9
3/21/16,3/31/16,1.7
3/23/16,3/31/16,1.6
3/24/16,3/31/16,1.4
3/28/16,3/31/16,0.6
4/1/16,3/31/16,0.7
4/4/16,3/31/16,0.4
4/5/16,3/31/16,0.4
4/8/16,3/31/16,0.1
4/12/16,3/31/16,0.1
4/13/16,3/31/16,0.3
4/14/16,3/31/16,0.4
4/15/16,3/31/16,0.4
4/19/16,3/31/16,0.3
4/20/16,3/31/16,0.4
4/25/16,3/31/16,0.4
4/26/16,3/31/16,0.4
4/27/16,3/31/16,0.6
4/29/16,6/30/16,1.8
5/2/16,6/30/16,1.8
5/4/16,6/30/16,1.7
5/5/16,6/30/16,2.1
5/6/16,6/30/16,2.2
5/10/16,6/30/16,2.2
5/11/16,6/30/16,2.3
5/12/16,6/30/16,2.3
5/13/16,6/30/16,2.8
5/17/16,6/30/16,2.5
5/18/16,6/30/16,2.4
5/20/16,6/30/16,2.4
5/24/16,6/30/16,2.6
5/25/16,6/30/16,2.8
5/26/16,6/30/16,2.9
5/31/16,6/30/16,2.9
6/1/16,6/30/16,2.5
6/2/16,6/30/16,2.5
6/3/16,6/30/16,2.5
6/9/16,6/30/16,2.5
6/10/16,6/30/16,2.5
6/14/16,6/30/16,2.8
6/15/16,6/30/16,2.7
6/16/16,6/30/16,2.7
6/17/16,6/30/16,2.8
6/22/16,6/30/16,2.8
6/23/16,6/30/16,2.7
6/24/16,6/30/16,2.6
6/27/16,6/30/16,2.5
6/29/16,6/30/16,2.7
7/1/16,6/30/16,2.6
7/5/16,6/30/16,2.4
7/6/16,6/30/16,2.4
7/8/16,6/30/16,2.4
7/12/16,6/30/16,2.3
7/13/16,6/30/16,2.3
7/15/16,6/30/16,2.4
7/19/16,6/30/16,2.4
7/21/16,6/30/16,2.4
7/26/16,6/30/16,2.4
7/27/16,6/30/16,2.3
7/28/16,6/30/16,1.8
8/3/16,9/30/16,3.6
8/4/16,9/30/16,3.7
8/5/16,9/30/16,3.8
8/9/16,9/30/16,3.7
8/10/16,9/30/16,3.7
8/11/16,9/30/16,3.7
8/12/16,9/30/16,3.5
8/16/16,9/30/16,3.6
8/23/16,9/30/16,3.6
8/24/16,9/30/16,3.4
8/25/16,9/30/16,3.4
8/29/16,9/30/16,3.5
9/1/16,9/30/16,3.2
9/2/16,9/30/16,3.5
9/6/16,9/30/16,3.4
9/9/16,9/30/16,3.3
9/13/16,9/30/16,3.2
9/14/16,9/30/16,3.2
9/15/16,9/30/16,3
9/16/16,9/30/16,2.9
9/20/16,9/30/16,2.9
9/22/16,9/30/16,2.9
9/26/16,9/30/16,2.8
9/28/16,9/30/16,2.8
9/30/16,9/30/16,2.4
10/3/16,9/30/16,2.2
10/5/16,9/30/16,2.2
10/7/16,9/30/16,2.1
10/13/16,9/30/16,2.1
10/14/16,9/30/16,1.9
10/15/16,9/30/16,2
10/17/16,9/30/16,2
10/18/16,9/30/16,2
10/19/16,9/30/16,2
10/20/16,9/30/16,2.1
10/26/16,9/30/16,2.1
10/27/16,9/30/16,2.1
10/31/16,12/31/16,2.7
11/1/16,12/31/16,2.3
11/2/16,12/31/16,2.9
11/3/16,12/31/16,3.1
11/4/16,12/31/16,3.1
11/9/16,12/31/16,3.1
11/10/16,12/31/16,3.1
11/15/16,12/31/16,3.3
11/16/16,12/31/16,3.3
11/17/16,12/31/16,3.6
11/22/16,12/31/16,3.6
11/23/16,12/31/16,3.6
11/25/16,12/31/16,3.1
11/30/16,12/31/16,2.4
12/1/16,12/31/16,2.9
12/2/16,12/31/16,2.6
12/5/16,12/31/16,2.6
12/6/16,12/31/16,2.6
12/9/16,12/31/16,2.6
12/12/16,12/31/16,2.6
12/13/16,12/31/16,2.6
12/14/16,12/31/16,2.4
12/15/16,12/31/16,2.6
12/16/16,12/31/16,2.6
12/21/16,12/31/16,2.5
12/22/16,12/31/16,2.5
12/23/16,12/31/16,2.5
12/29/16,12/31/16,2.5
1/3/17,12/31/16,2.9
1/5/17,12/31/16,2.9
1/6/17,12/31/16,2.9
1/10/17,12/31/16,2.9
1/12/17,12/31/16,2.9
1/13/17,12/31/16,2.8
1/18/17,12/31/16,2.8
1/19/17,12/31/16,2.8
1/24/17,12/31/16,2.8
1/26/17,12/31/16,2.9
1/30/17,3/31/17,2.3
2/1/17,3/31/17,3.4
2/2/17,3/31/17,3.1
2/3/17,3/31/17,2.7
2/7/17,3/31/17,2.7
2/9/17,3/31/17,2.7
2/10/17,3/31/17,2.7
2/15/17,3/31/17,2.2
2/16/17,3/31/17,2.4
2/22/17,3/31/17,2.5
2/24/17,3/31/17,2.5
2/27/17,3/31/17,2.5
2/28/17,3/31/17,2.2
3/1/17,3/31/17,1.8
3/2/17,3/31/17,1.5
3/3/17,3/31/17,1.5
3/6/17,3/31/17,1.3
3/7/17,3/31/17,1.3
3/8/17,3/31/17,1.2
3/9/17,3/31/17,1.2
3/10/17,3/31/17,0.9
3/14/17,3/31/17,0.9
3/15/17,3/31/17,0.9
3/16/17,3/31/17,0.9
3/17/17,3/31/17,1
3/22/17,3/31/17,0.9
3/23/17,3/31/17,1
3/24/17,3/31/17,1
3/27/17,3/31/17,1.1
3/28/17,3/31/17,1.3
3/31/17,3/31/17,0.9
4/3/17,3/31/17,1.2
4/4/17,3/31/17,1.2
4/5/17,3/31/17,0.8
4/7/17,3/31/17,0.6
4/12/17,3/31/17,0.7
4/13/17,3/31/17,0.7
4/14/17,3/31/17,0.5
4/18/17,3/31/17,0.5
4/21/17,3/31/17,0.5
4/25/17,3/31/17,0.5
4/26/17,3/31/17,0.4
4/27/17,3/31/17,0.2
5/1/17,6/30/17,4.3
5/3/17,6/30/17,4
5/4/17,6/30/17,4.2
5/5/17,6/30/17,3.7
5/9/17,6/30/17,3.6
5/10/17,6/30/17,3.5
5/12/17,6/30/17,3.6
5/16/17,6/30/17,4.1
5/18/17,6/30/17,4
5/23/17,6/30/17,3.9
5/24/17,6/30/17,3.8
5/25/17,6/30/17,3.6
5/26/17,6/30/17,3.7
5/30/17,6/30/17,3.8
6/1/17,6/30/17,4
6/2/17,6/30/17,3.4
6/5/17,6/30/17,3.1
6/9/17,6/30/17,3
6/12/17,6/30/17,3
6/13/17,6/30/17,3
6/14/17,6/30/17,3.2
6/15/17,6/30/17,2.9
6/16/17,6/30/17,2.9
6/21/17,6/30/17,2.8
6/23/17,6/30/17,3
6/26/17,6/30/17,2.9
6/28/17,6/30/17,2.7
6/30/17,6/30/17,2.7
7/3/17,6/30/17,3
7/5/17,6/30/17,2.6
7/6/17,6/30/17,2.7
7/7/17,6/30/17,2.5
7/11/17,6/30/17,2.6
7/13/17,6/30/17,2.7
7/14/17,6/30/17,2.4
7/18/17,6/30/17,2.5
7/19/17,6/30/17,2.5
7/24/17,6/30/17,2.5
7/26/17,6/30/17,2.5
7/27/17,6/30/17,2.8
8/3/17,9/30/17,4
8/4/17,9/30/17,3.7
8/9/17,9/30/17,3.5
8/10/17,9/30/17,3.6
8/15/17,9/30/17,3.7
8/16/17,9/30/17,3.8
8/17/17,9/30/17,3.5
8/23/17,9/30/17,3.4
8/24/17,9/30/17,3.3
8/25/17,9/30/17,3.4
8/28/17,9/30/17,3.3
8/31/17,9/30/17,3.3
9/1/17,9/30/17,3.2
9/5/17,9/30/17,2.8
9/6/17,9/30/17,2.9
9/8/17,9/30/17,3
9/13/17,9/30/17,3
9/15/17,9/30/17,2.2
9/19/17,9/30/17,2.2
9/20/17,9/30/17,2.1
9/26/17,9/30/17,2.1
9/27/17,9/30/17,2.1
9/29/17,9/30/17,2.3
10/2/17,9/30/17,2.7
10/4/17,9/30/17,2.9
10/5/17,9/30/17,2.8
10/6/17,9/30/17,2.5
10/12/17,9/30/17,2.5
10/13/17,9/30/17,2.7
10/17/17,9/30/17,2.7
10/18/17,9/30/17,2.7
10/20/17,9/30/17,2.6
10/25/17,9/30/17,2.7
10/26/17,9/30/17,2.5
10/30/17,12/31/17,2.9
11/1/17,12/31/17,4.5
11/2/17,12/31/17,4.3
11/3/17,12/31/17,3.3
11/9/17,12/31/17,3.3
11/13/17,12/31/17,3.3
11/14/17,12/31/17,3.3
11/15/17,12/31/17,3.2
11/16/17,12/31/17,3.5
11/17/17,12/31/17,3.4
11/21/17,12/31/17,3.4
11/22/17,12/31/17,3.4
11/27/17,12/31/17,3.5
11/28/17,12/31/17,3
11/30/17,12/31/17,2.7
12/1/17,12/31/17,3.5
12/4/17,12/31/17,3.2
12/5/17,12/31/17,3.2
12/8/17,12/31/17,2.9
12/12/17,12/31/17,2.8
12/14/17,12/31/17,3.3
12/15/17,12/31/17,3.1
12/19/17,12/31/17,3.3
12/20/17,12/31/17,3.3
12/22/17,12/31/17,2.8
12/28/17,12/31/17,2.7
1/3/18,12/31/17,3.2
1/4/18,12/31/17,3.1
1/5/18,12/31/17,2.7
1/10/18,12/31/17,2.8
1/11/18,12/31/17,2.8
1/12/18,12/31/17,3.3
1/17/18,12/31/17,3.4
1/18/18,12/31/17,3.4
1/24/18,12/31/17,3.4
1/25/18,12/31/17,3.4
1/29/18,3/31/18,4.2
2/1/18,3/31/18,5.4
2/2/18,3/31/18,4
2/5/18,3/31/18,4
2/6/18,3/31/18,4
2/9/18,3/31/18,4
2/12/18,3/31/18,4
2/14/18,3/31/18,3.2
2/15/18,3/31/18,3.1
2/16/18,3/31/18,3.2
2/21/18,3/31/18,3.1
2/26/18,3/31/18,3
2/27/18,3/31/18,2.6
3/1/18,3/31/18,3.5
3/2/18,3/31/18,3.2
3/5/18,3/31/18,3.1
3/6/18,3/31/18,3
3/7/18,3/31/18,2.8
3/9/18,3/31/18,2.5
3/12/18,3/31/18,2.5
3/14/18,3/31/18,1.9
3/15/18,3/31/18,1.8
3/16/18,3/31/18,1.8
3/21/18,3/31/18,1.9
3/23/18,3/31/18,1.8
3/29/18,3/31/18,2.4
4/2/18,3/31/18,2.8
4/4/18,3/31/18,2.5
4/5/18,3/31/18,2.3
4/6/18,3/31/18,2
4/10/18,3/31/18,2
4/11/18,3/31/18,2
4/12/18,3/31/18,2
4/16/18,3/31/18,1.9
4/17/18,3/31/18,2
4/23/18,3/31/18,2
4/24/18,3/31/18,2
4/26/18,3/31/18,2
4/30/18,6/30/18,4.1
5/1/18,6/30/18,4.1
5/2/18,6/30/18,3.9
5/3/18,6/30/18,4
5/4/18,6/30/18,3.9
5/9/18,6/30/18,4
5/10/18,6/30/18,4
5/11/18,6/30/18,4
5/15/18,6/30/18,4.1
5/16/18,6/30/18,4.1
5/17/18,6/30/18,4.2
5/23/18,6/30/18,4.3
5/24/18,6/30/18,4.2
5/25/18,6/30/18,4
5/29/18,6/30/18,4.1
5/31/18,6/30/18,4.7
6/1/18,6/30/18,4.8
6/4/18,6/30/18,4.5
6/5/18,6/30/18,4.6
6/6/18,6/30/18,4.5
6/8/18,6/30/18,4.6
6/12/18,6/30/18,4.6
6/13/18,6/30/18,4.6
6/14/18,6/30/18,4.8
6/15/18,6/30/18,4.6
6/19/18,6/30/18,4.7
6/20/18,6/30/18,4.7
6/25/18,6/30/18,4.6
6/27/18,6/30/18,4.5
6/29/18,6/30/18,3.8
7/2/18,6/30/18,4.1
7/3/18,6/30/18,4
7/5/18,6/30/18,3.9
7/6/18,6/30/18,3.8
7/11/18,6/30/18,3.9
7/12/18,6/30/18,4.2
7/13/18,6/30/18,4.2
7/16/18,6/30/18,4.5
7/17/18,6/30/18,4.5
7/18/18,6/30/18,4.5
7/23/18,6/30/18,4.5
7/25/18,6/30/18,4.4
7/26/18,6/30/18,3.8
7/31/18,9/30/18,4.7
8/1/18,9/30/18,5
8/2/18,9/30/18,4.9
8/3/18,9/30/18,4.4
8/9/18,9/30/18,4.3
8/10/18,9/30/18,4.4
8/14/18,9/30/18,4.4
8/15/18,9/30/18,4.3
8/16/18,9/30/18,4.3
8/22/18,9/30/18,4.3
8/23/18,9/30/18,4.4
8/24/18,9/30/18,4.6
8/28/18,9/30/18,4.1
8/30/18,9/30/18,4.1
9/4/18,9/30/18,4.7
9/5/18,9/30/18,4.4
9/6/18,9/30/18,4.3
9/7/18,9/30/18,3.8
9/11/18,9/30/18,3.8
9/12/18,9/30/18,3.8
9/13/18,9/30/18,3.9
9/14/18,9/30/18,4.4
9/19/18,9/30/18,4.4
9/20/18,9/30/18,4.4
9/26/18,9/30/18,4.4
9/27/18,9/30/18,3.8
9/28/18,9/30/18,3.6
10/1/18,9/30/18,4.1
10/3/18,9/30/18,4.1
10/4/18,9/30/18,4.1
10/5/18,9/30/18,4.1
10/10/18,9/30/18,4.2
10/11/18,9/30/18,4.2
10/12/18,9/30/18,4.2
10/15/18,9/30/18,4
10/16/18,9/30/18,3.8
10/17/18,9/30/18,3.9
10/19/18,9/30/18,3.8
10/24/18,9/30/18,3.7
10/25/18,9/30/18,3.6
10/29/18,12/31/18,2.6
11/1/18,12/31/18,3
11/2/18,12/31/18,2.9
11/5/18,12/31/18,2.9
11/9/18,12/31/18,2.9
11/13/18,12/31/18,2.9
11/14/18,12/31/18,2.9
11/15/18,12/31/18,2.8
11/16/18,12/31/18,2.6
11/20/18,12/31/18,2.5
11/21/18,12/31/18,2.5
11/29/18,12/31/18,2.6
12/3/18,12/31/18,2.8
12/4/18,12/31/18,2.7
12/6/18,12/31/18,2.7
12/7/18,12/31/18,2.4
12/11/18,12/31/18,2.4
12/12/18,12/31/18,2.4
12/13/18,12/31/18,2.5
12/14/18,12/31/18,3
12/18/18,12/31/18,2.9
12/19/18,12/31/18,3
12/21/18,12/31/18,2.7
1/3/19,12/31/18,2.6
1/4/19,12/31/18,2.8
1/7/19,12/31/18,2.8
1/11/19,12/31/18,2.8
1/15/19,12/31/18,2.8
1/16/19,12/31/18,2.8
1/18/19,12/31/18,2.8
1/22/19,12/31/18,2.7
1/31/19,12/31/18,2.7
2/1/19,12/31/18,2.5
2/4/19,12/31/18,2.4
2/5/19,12/31/18,2.4
2/6/19,12/31/18,2.7
2/12/19,12/31/18,2.7
2/13/19,12/31/18,2.6
2/14/19,12/31/18,1.5
2/21/19,12/31/18,1.4
2/25/19,12/31/18,1.9
2/26/19,12/31/18,1.8
2/27/19,12/31/18,1.8
3/1/19,3/31/19,0.3
3/4/19,3/31/19,0.3
3/5/19,3/31/19,0.5
3/6/19,3/31/19,0.5
3/8/19,3/31/19,0.5
3/11/19,3/31/19,0.2
3/12/19,3/31/19,0.2
3/13/19,3/31/19,0.4
3/14/19,3/31/19,0.4
3/15/19,3/31/19,0.5
3/19/19,3/31/19,0.6
3/22/19,3/31/19,1.2
3/25/19,3/31/19,1.3
3/26/19,3/31/19,1.3
3/27/19,3/31/19,1.5
3/29/19,3/31/19,1.7
4/1/19,3/31/19,2.1
4/2/19,3/31/19,2.1
4/3/19,3/31/19,2.1
4/5/19,3/31/19,2.2
4/8/19,3/31/19,2.3
4/10/19,3/31/19,2.2
4/11/19,3/31/19,2.2
4/12/19,3/31/19,2.3
4/16/19,3/31/19,2.3
4/17/19,3/31/19,2.4
4/18/19,3/31/19,2.8
4/19/19,3/31/19,2.8
4/22/19,3/31/19,2.7
4/23/19,3/31/19,2.7
4/25/19,3/31/19,2.7
4/29/19,6/30/19,1.3
5/1/19,6/30/19,1.2
5/2/19,6/30/19,0.9
5/3/19,6/30/19,1.7
5/9/19,6/30/19,1.6
5/10/19,6/30/19,1.6
5/14/19,6/30/19,1.6
5/15/19,6/30/19,1.1
5/16/19,6/30/19,1.2
5/21/19,6/30/19,1.2
5/23/19,6/30/19,1.3
5/24/19,6/30/19,1.3
5/30/19,6/30/19,1.2
5/31/19,6/30/19,1.2
6/3/19,6/30/19,1.3
6/4/19,6/30/19,1.4
6/5/19,6/30/19,1.5
6/6/19,6/30/19,1.5
6/7/19,6/30/19,1.4
6/11/19,6/30/19,1.4
6/12/19,6/30/19,1.5
6/13/19,6/30/19,1.5
6/14/19,6/30/19,2.1
6/18/19,6/30/19,2
6/21/19,6/30/19,2.1
6/25/19,6/30/19,2
6/26/19,6/30/19,1.9
6/28/19,6/30/19,1.5
7/1/19,6/30/19,1.5
7/3/19,6/30/19,1.3
7/5/19,6/30/19,1.4
7/10/19,6/30/19,1.4
7/11/19,6/30/19,1.2
7/12/19,6/30/19,1.3
7/16/19,6/30/19,1.6
7/17/19,6/30/19,1.6
7/23/19,6/30/19,1.6
7/24/19,6/30/19,1.6
7/25/19,6/30/19,1.3
7/30/19,9/30/19,2
8/1/19,9/30/19,2.2
8/2/19,9/30/19,1.9
8/5/19,9/30/19,1.9
8/8/19,9/30/19,1.9
8/9/19,9/30/19,1.9
8/12/19,9/30/19,1.8
8/13/19,9/30/19,1.8
8/14/19,9/30/19,1.8
8/15/19,9/30/19,2.2
8/16/19,9/30/19,2.2
8/21/19,9/30/19,2.3
8/23/19,9/30/19,2.3
8/26/19,9/30/19,2.3
8/30/19,9/30/19,2
9/3/19,9/30/19,1.7
9/4/19,9/30/19,1.5
9/5/19,9/30/19,1.7
9/6/19,9/30/19,1.8
9/11/19,9/30/19,1.9
9/12/19,9/30/19,1.8
9/13/19,9/30/19,1.8
9/17/19,9/30/19,1.9
9/18/19,9/30/19,1.9
9/19/19,9/30/19,1.9
9/25/19,9/30/19,2
9/27/19,9/30/19,2.1
10/1/19,9/30/19,1.8
10/2/19,9/30/19,1.8
10/3/19,9/30/19,1.8
10/4/19,9/30/19,1.8
10/8/19,9/30/19,1.8
10/9/19,9/30/19,1.7
10/10/19,9/30/19,1.7
10/11/19,9/30/19,1.8
10/16/19,9/30/19,1.8
10/17/19,9/30/19,1.8
10/22/19,9/30/19,1.8
10/24/19,9/30/19,1.8
10/25/19,9/30/19,1.8
10/28/19,9/30/19,1.7
10/31/19,12/31/19,1.5
11/1/19,12/31/19,1.1
11/4/19,12/31/19,0.9
11/5/19,12/31/19,1
11/8/19,12/31/19,1
11/13/19,12/31/19,1
11/14/19,12/31/19,1
11/15/19,12/31/19,0.3
11/19/19,12/31/19,0.4
11/21/19,12/31/19,0.6
11/26/19,12/31/19,1.4
11/27/19,12/31/19,1.7
12/2/19,12/31/19,1.3
12/4/19,12/31/19,1.5
12/5/19,12/31/19,1.5
12/6/19,12/31/19,2
12/11/19,12/31/19,2.1
12/12/19,12/31/19,2.1
12/13/19,12/31/19,2
12/17/19,12/31/19,2.3
12/19/19,12/31/19,2.3
12/20/19,12/31/19,2.1
12/23/19,12/31/19,2.3
12/30/19,12/31/19,2.4
1/3/20,12/31/19,2.3
1/6/20,12/31/19,2.3
1/7/20,12/31/19,2.3
1/10/20,12/31/19,2.3
1/13/20,12/31/19,2.3
1/14/20,12/31/19,2.3
1/15/20,12/31/19,2.3
1/16/20,12/31/19,1.8
1/17/20,12/31/19,1.8
1/22/20,12/31/19,1.8
1/27/20,12/31/19,1.8
1/28/20,12/31/19,1.9
1/29/20,12/31/19,1.7
1/31/20,3/31/20,2.7
2/3/20,3/31/20,2.9
2/4/20,3/31/20,2.9
2/5/20,3/31/20,2.9
2/7/20,3/31/20,2.7
2/12/20,3/31/20,2.7
2/13/20,3/31/20,2.7
2/14/20,3/31/20,2.4
2/19/20,3/31/20,2.6
2/21/20,3/31/20,2.5
2/26/20,3/31/20,2.8
2/27/20,3/31/20,2.7
2/28/20,3/31/20,2.6
3/2/20,3/31/20,2.7
3/4/20,3/31/20,2.8
3/5/20,3/31/20,2.7
3/6/20,3/31/20,3.1
3/11/20,3/31/20,3.1
3/12/20,3/31/20,3.1
3/13/20,3/31/20,3.1
3/17/20,3/31/20,2.9
3/18/20,3/31/20,3.1
3/20/20,3/31/20,3.3
3/24/20,3/31/20,3.2
3/25/20,3/31/20,3.1
3/27/20,3/31/20,2.7
4/1/20,3/31/20,2.2
4/2/20,3/31/20,1.3
4/3/20,3/31/20,1
4/9/20,3/31/20,1
4/10/20,3/31/20,1
4/14/20,3/31/20,1
4/15/20,3/31/20,-0.3
4/16/20,3/31/20,-0.3
4/21/20,3/31/20,-0.3
4/23/20,3/31/20,-0.3
4/24/20,3/31/20,-0.3
4/28/20,3/31/20,-1
4/30/20,6/30/20,-12.1
5/1/20,6/30/20,-16.6
5/4/20,6/30/20,-17.4
5/5/20,6/30/20,-17.6
5/8/20,6/30/20,-34.9
5/12/20,6/30/20,-35.1
5/13/20,6/30/20,-35.2
5/14/20,6/30/20,-35.2
5/15/20,6/30/20,-42.8
5/19/20,6/30/20,-41.9
5/21/20,6/30/20,-41.5
5/26/20,6/30/20,-41.4
5/28/20,6/30/20,-40.4
5/29/20,6/30/20,-51.2
6/1/20,6/30/20,-52.8
6/3/20,6/30/20,-52.2
6/4/20,6/30/20,-53.8
6/5/20,6/30/20,-49.1
6/9/20,6/30/20,-48.5
6/10/20,6/30/20,-48.4
6/11/20,6/30/20,-48.4
6/12/20,6/30/20,-48.4
6/16/20,6/30/20,-45.4
6/17/20,6/30/20,-45.5
6/22/20,6/30/20,-45.8
6/23/20,6/30/20,-45.9
6/25/20,6/30/20,-46.6
6/26/20,6/30/20,-39.5
7/1/20,6/30/20,-36.8
7/2/20,6/30/20,-35.2
7/6/20,6/30/20,-35.4
7/9/20,6/30/20,-35.5
7/10/20,6/30/20,-35.5
7/14/20,6/30/20,-35.4
7/15/20,6/30/20,-34.7
7/16/20,6/30/20,-34.5
7/17/20,6/30/20,-34.7
7/22/20,6/30/20,-34.7
7/24/20,6/30/20,-34.8
7/27/20,6/30/20,-34.3
7/29/20,6/30/20,-32.1
7/31/20,9/30/20,11.9
8/3/20,9/30/20,19.6
8/4/20,9/30/20,20
8/5/20,9/30/20,20.3
8/7/20,9/30/20,20.5
8/11/20,9/30/20,20.5
8/12/20,9/30/20,20.6
8/13/20,9/30/20,20.5
8/14/20,9/30/20,26.2
8/18/20,9/30/20,25.6
8/21/20,9/30/20,25.4
8/25/20,9/30/20,25.4
8/26/20,9/30/20,25.6
8/28/20,9/30/20,28.9
9/1/20,9/30/20,28.5
9/2/20,9/30/20,29.8
9/3/20,9/30/20,29.6
9/4/20,9/30/20,31
9/10/20,9/30/20,30.8
9/11/20,9/30/20,30.7
9/15/20,9/30/20,30.2
9/16/20,9/30/20,31.7
9/17/20,9/30/20,32
9/22/20,9/30/20,32
9/24/20,9/30/20,31.9
9/25/20,9/30/20,32
9/29/20,9/30/20,33.8
10/1/20,9/30/20,34.6
10/2/20,9/30/20,35.4
10/5/20,9/30/20,35.4
10/6/20,9/30/20,35.3
10/9/20,9/30/20,35.2
10/13/20,9/30/20,35.2
10/14/20,9/30/20,35.2
10/15/20,9/30/20,35.2
10/16/20,9/30/20,35.2
10/19/20,9/30/20,35.1
10/20/20,9/30/20,35.3
10/22/20,9/30/20,35.5
10/26/20,9/30/20,35.5
10/27/20,9/30/20,36.2
10/28/20,9/30/20,37
10/30/20,12/31/20,2.2
11/2/20,12/31/20,3.4
11/3/20,12/31/20,3.3
11/4/20,12/31/20,3.2
11/6/20,12/31/20,3.5
11/12/20,12/31/20,3.5
11/13/20,12/31/20,3.5
11/17/20,12/31/20,5.4
11/18/20,12/31/20,5.6
11/19/20,12/31/20,6
11/25/20,12/31/20,11
12/1/20,12/31/20,11.1
12/2/20,12/31/20,10.9
12/3/20,12/31/20,10.8
12/4/20,12/31/20,11.2
12/9/20,12/31/20,11.2
12/10/20,12/31/20,11.1
12/11/20,12/31/20,11.1
12/15/20,12/31/20,11.3
12/16/20,12/31/20,11
12/17/20,12/31/20,11.1
12/22/20,12/31/20,11.2
12/23/20,12/31/20,10.4
12/30/20,12/31/20,8.6
1/4/21,12/31/20,8.6
1/5/21,12/31/20,8.9
1/6/21,12/31/20,8.7
1/7/21,12/31/20,8.5
1/8/21,12/31/20,8.7
1/13/21,12/31/20,8.7
1/14/21,12/31/20,8.8
1/15/21,12/31/20,7.4
1/21/21,12/31/20,7.5
1/22/21,12/31/20,7.6
1/27/21,12/31/20,7.2
1/29/21,3/31/21,5.2
2/1/21,3/31/21,6
2/3/21,3/31/21,6
2/4/21,3/31/21,6
2/5/21,3/31/21,4.6
2/10/21,3/31/21,4.5
2/11/21,3/31/21,4.5
2/17/21,3/31/21,9.5
2/18/21,3/31/21,9.5
2/19/21,3/31/21,9.5
2/24/21,3/31/21,9.6
2/25/21,3/31/21,9.6
2/26/21,3/31/21,8.8
3/1/21,3/31/21,10
3/3/21,3/31/21,9.1
3/4/21,3/31/21,9
3/5/21,3/31/21,8.3
3/8/21,3/31/21,8.4
3/10/21,3/31/21,8.4
3/12/21,3/31/21,8.3
3/16/21,3/31/21,5.9
3/17/21,3/31/21,5.7
3/22/21,3/31/21,5.6
3/23/21,3/31/21,5.6
3/24/21,3/31/21,5.4
3/26/21,3/31/21,4.7
4/1/21,3/31/21,6
4/2/21,3/31/21,6.2
4/5/21,3/31/21,6.2
4/7/21,3/31/21,6.2
4/9/21,3/31/21,6
4/12/21,3/31/21,6.1
4/13/21,3/31/21,6.1
4/14/21,3/31/21,6.2
4/15/21,3/31/21,8.3
4/16/21,3/31/21,8.3
4/22/21,3/31/21,8.3
4/23/21,3/31/21,8.3
4/26/21,3/31/21,8.2
4/28/21,3/31/21,7.9
4/30/21,6/30/21,10.4
5/3/21,6/30/21,13.2
5/4/21,6/30/21,13.6
5/5/21,6/30/21,13.7
5/7/21,6/30/21,11
5/12/21,6/30/21,11.5
5/13/21,6/30/21,11.5
5/14/21,6/30/21,10.5
5/18/21,6/30/21,10.1
5/21/21,6/30/21,9.7
5/25/21,6/30/21,9.7
5/27/21,6/30/21,9.1
5/28/21,6/30/21,9.3
6/1/21,6/30/21,10.3
6/3/21,6/30/21,10.2
6/4/21,6/30/21,9.3
6/8/21,6/30/21,9.4
6/9/21,6/30/21,9.3
6/10/21,6/30/21,9.1
6/15/21,6/30/21,10.5
6/16/21,6/30/21,10.3
6/22/21,6/30/21,10.2
6/23/21,6/30/21,10.1
6/24/21,6/30/21,9.7
6/25/21,6/30/21,8.3
7/1/21,6/30/21,8.6
7/2/21,6/30/21,7.8
7/6/21,6/30/21,7.8
7/9/21,6/30/21,7.9
7/13/21,6/30/21,7.7
7/14/21,6/30/21,7.7
7/15/21,6/30/21,7.5
7/16/21,6/30/21,7.5
7/20/21,6/30/21,7.6
7/22/21,6/30/21,7.6
7/26/21,6/30/21,7.6
7/27/21,6/30/21,7.4
7/28/21,6/30/21,6.4
7/30/21,9/30/21,6.1
8/2/21,9/30/21,6.3
8/3/21,9/30/21,6.3
8/4/21,9/30/21,6.1
8/5/21,9/30/21,6.1
8/6/21,9/30/21,6
8/11/21,9/30/21,6
8/12/21,9/30/21,6
8/13/21,9/30/21,6
8/17/21,9/30/21,6.2
8/18/21,9/30/21,6.1
8/23/21,9/30/21,6.1
8/24/21,9/30/21,6
8/25/21,9/30/21,5.7
8/27/21,9/30/21,5.1
9/1/21,9/30/21,5.3
9/2/21,9/30/21,3.7
9/3/21,9/30/21,3.7
9/10/21,9/30/21,3.7
9/13/21,9/30/21,3.6
9/14/21,9/30/21,3.6
9/15/21,9/30/21,3.7
9/16/21,9/30/21,3.6
9/21/21,9/30/21,3.7
9/22/21,9/30/21,3.6
9/24/21,9/30/21,3.5
9/27/21,9/30/21,3.2
9/28/21,9/30/21,3
10/1/21,9/30/21,2.3
10/4/21,9/30/21,1.3
10/5/21,9/30/21,1.3
10/8/21,9/30/21,1.3
10/13/21,9/30/21,1.3
10/14/21,9/30/21,1.3
10/15/21,9/30/21,1.2
10/18/21,9/30/21,0.5
10/19/21,9/30/21,0.5
10/21/21,9/30/21,0.6
10/22/21,9/30/21,0.4
10/26/21,9/30/21,0.4
10/27/21,9/30/21,0.2
10/29/21,12/31/21,6.6
11/1/21,12/31/21,8.2
11/3/21,12/31/21,8.5
11/4/21,12/31/21,8.5
11/5/21,12/31/21,8.4
11/9/21,12/31/21,8.4
11/10/21,12/31/21,8.2
11/11/21,12/31/21,8.1
11/16/21,12/31/21,8.7
11/17/21,12/31/21,8.2
11/22/21,12/31/21,8.2
11/24/21,12/31/21,8.6
12/1/21,12/31/21,9.7
12/3/21,12/31/21,8.9
12/7/21,12/31/21,8.6
12/9/21,12/31/21,8.7
12/10/21,12/31/21,8.8
12/14/21,12/31/21,8.7
12/15/21,12/31/21,7
12/16/21,12/31/21,7.2
12/22/21,12/31/21,7.1
12/23/21,12/31/21,7.6
12/29/21,12/31/21,7.3
1/3/22,12/31/21,7.2
1/4/22,12/31/21,7.4
1/6/22,12/31/21,6.7
1/7/22,12/31/21,6.7
1/10/22,12/31/21,6.8
1/12/22,12/31/21,6.7
1/13/22,12/31/21,6.8
1/14/22,12/31/21,5
1/19/22,12/31/21,5.1
1/20/22,12/31/21,5.1
1/26/22,12/31/21,6.5
1/28/22,3/31/22,0.1
2/1/22,3/31/22,0.1
2/2/22,3/31/22,1.3
2/3/22,3/31/22,1.2
2/4/22,3/31/22,0.9
2/8/22,3/31/22,0.7
2/9/22,3/31/22,0.7
2/10/22,3/31/22,0.6
2/15/22,3/31/22,0.6
2/16/22,3/31/22,1.5
2/17/22,3/31/22,1.3
2/18/22,3/31/22,1.7
2/25/22,3/31/22,0.6
2/28/22,3/31/22,-0.5
3/1/22,3/31/22,0
3/2/22,3/31/22,-0.2
3/3/22,3/31/22,-0.4
3/4/22,3/31/22,-0.2
3/8/22,3/31/22,0.5
3/10/22,3/31/22,0.5
3/15/22,3/31/22,0.5
3/16/22,3/31/22,1.2
3/17/22,3/31/22,1.3
3/18/22,3/31/22,1
3/23/22,3/31/22,1
3/24/22,3/31/22,0.9
3/28/22,3/31/22,1.4
3/31/22,3/31/22,1.3
4/1/22,3/31/22,1.5
4/4/22,3/31/22,1.4
4/5/22,3/31/22,0.9
4/8/22,3/31/22,1.1
4/12/22,3/31/22,0.9
4/13/22,3/31/22,0.8
4/14/22,3/31/22,1.1
4/15/22,3/31/22,1.3
4/19/22,3/31/22,1.3
4/20/22,3/31/22,1.3
4/25/22,3/31/22,0.3
4/26/22,3/31/22,0.4
4/27/22,3/31/22,0.4
4/29/22,6/30/22,1.9
5/2/22,6/30/22,1.6
5/3/22,6/30/22,1.6
5/4/22,6/30/22,2.2
5/6/22,6/30/22,2
5/9/22,6/30/22,1.8
5/11/22,6/30/22,1.9
5/12/22,6/30/22,1.9
5/13/22,6/30/22,2
5/17/22,6/30/22,2.5
5/18/22,6/30/22,2.4
5/19/22,6/30/22,2.3
5/24/22,6/30/22,2.1
5/25/22,6/30/22,1.8
5/27/22,6/30/22,1.9
6/1/22,6/30/22,1.3
6/2/22,6/30/22,0.3
6/3/22,6/30/22,1
6/7/22,6/30/22,0.9
6/8/22,6/30/22,0.9
6/10/22,6/30/22,0.7
6/14/22,6/30/22,0.7
6/15/22,6/30/22,0
6/16/22,6/30/22,0
6/17/22,6/30/22,0.3
6/21/22,6/30/22,0.3
6/24/22,6/30/22,0.2
6/27/22,6/30/22,0.3
6/28/22,6/30/22,0.7
6/30/22,6/30/22,-1
7/1/22,6/30/22,-2.1
7/5/22,6/30/22,-1.8
7/6/22,6/30/22,-1.8
7/7/22,6/30/22,-1.9
7/8/22,6/30/22,-1.2
7/13/22,6/30/22,-1.3
7/14/22,6/30/22,-1.1
7/15/22,6/30/22,-1.5
7/19/22,6/30/22,-1.6
7/20/22,6/30/22,-1.7
7/26/22,6/30/22,-1.8
7/27/22,6/30/22,-1.2
7/29/22,9/30/22,2.1
8/1/22,9/30/22,1.3
8/3/22,9/30/22,1.7
8/4/22,9/30/22,1.4
8/5/22,9/30/22,2.4
8/10/22,9/30/22,2.5
8/11/22,9/30/22,2.5
8/12/22,9/30/22,2.5
8/16/22,9/30/22,1.8
8/17/22,9/30/22,1.6
8/18/22,9/30/22,1.5
8/23/22,9/30/22,1.4
8/24/22,9/30/22,1.4
8/26/22,9/30/22,1.6
9/1/22,9/30/22,2.6
9/2/22,9/30/22,1.4
9/6/22,9/30/22,1.4
9/7/22,9/30/22,1.4
9/9/22,9/30/22,1.3
9/13/22,9/30/22,1.4
9/14/22,9/30/22,1.5
9/15/22,9/30/22,0.5
9/20/22,9/30/22,0.3
9/21/22,9/30/22,0.2
9/27/22,9/30/22,0.3
9/28/22,9/30/22,1.6
9/30/22,9/30/22,2.4
10/3/22,9/30/22,2.3
10/4/22,9/30/22,2.5
10/5/22,9/30/22,2.7
10/7/22,9/30/22,2.9
10/12/22,9/30/22,2.8
10/13/22,9/30/22,2.9
10/14/22,9/30/22,2.8
10/18/22,9/30/22,2.9
10/19/22,9/30/22,2.9
10/20/22,9/30/22,2.8
10/21/22,9/30/22,3.1
10/26/22,9/30/22,3.1
10/28/22,12/31/22,3.1
11/1/22,12/31/22,2.6
11/2/22,12/31/22,3.8
11/3/22,12/31/22,3.6
11/4/22,12/31/22,3.8
11/9/22,12/31/22,4
11/10/22,12/31/22,4
11/15/22,12/31/22,4
11/16/22,12/31/22,4.4
11/17/22,12/31/22,4.2
11/18/22,12/31/22,4.1
11/23/22,12/31/22,4.3
11/30/22,12/31/22,4
12/1/22,12/31/22,2.8
12/2/22,12/31/22,3.6
12/5/22,12/31/22,3.1
12/6/22,12/31/22,3.4
12/9/22,12/31/22,3.2
12/12/22,12/31/22,3.1
12/15/22,12/31/22,2.8
12/20/22,12/31/22,2.7
12/23/22,12/31/22,3.7
12/27/22,12/31/22,3.6
1/3/23,12/31/22,3.9
1/4/23,12/31/22,4
1/5/23,12/31/22,3.8
1/6/23,12/31/22,4.1
1/10/23,12/31/22,4.1
1/12/23,12/31/22,4
1/13/23,12/31/22,4.1
1/18/23,12/31/22,3.5
1/19/23,12/31/22,3.5
1/20/23,12/31/22,3.5
1/27/23,3/31/23,0.7
2/1/23,3/31/23,0.7
2/2/23,3/31/23,2.1
2/3/23,3/31/23,2.1
2/7/23,3/31/23,2.1
2/8/23,3/31/23,2.2
2/10/23,3/31/23,2.2
2/14/23,3/31/23,2.1
2/15/23,3/31/23,2.4
2/16/23,3/31/23,2.5
2/17/23,3/31/23,2.5
2/21/23,3/31/23,2.5
2/24/23,3/31/23,2.7
2/27/23,3/31/23,2.8
2/28/23,3/31/23,2.3
3/1/23,3/31/23,2.3
3/2/23,3/31/23,2
3/3/23,3/31/23,2.1
3/6/23,3/31/23,2
3/7/23,3/31/23,2
3/8/23,3/31/23,2.6
3/10/23,3/31/23,2.8
3/14/23,3/31/23,2.8
3/15/23,3/31/23,3.2
3/16/23,3/31/23,3.2
3/17/23,3/31/23,3.2
3/21/23,3/31/23,3.5
3/23/23,3/31/23,3.5
3/24/23,3/31/23,3.2
3/28/23,3/31/23,2.7
3/31/23,3/31/23,2.5
4/3/23,3/31/23,1.7
4/4/23,3/31/23,2
4/5/23,3/31/23,1.5
4/7/23,3/31/23,2.2
4/10/23,3/31/23,2.2
4/12/23,3/31/23,2.3
4/13/23,3/31/23,2.3
4/14/23,3/31/23,2.5
4/18/23,3/31/23,2.5
4/20/23,3/31/23,2.4
4/24/23,3/31/23,1.3
4/25/23,3/31/23,1.4
4/26/23,3/31/23,1.1
4/28/23,6/30/23,1.7
5/1/23,6/30/23,1.8
5/2/23,6/30/23,1.9
5/3/23,6/30/23,2.7
5/4/23,6/30/23,2.7
5/5/23,6/30/23,2.7
5/8/23,6/30/23,2.7
5/10/23,6/30/23,2.7
5/11/23,6/30/23,2.7
5/12/23,6/30/23,2.6
5/16/23,6/30/23,2.6
5/17/23,6/30/23,2.9
5/18/23,6/30/23,2.9
5/23/23,6/30/23,2.8
5/26/23,6/30/23,1.9
6/1/23,6/30/23,2
6/2/23,6/30/23,2.3
6/5/23,6/30/23,2.3
6/7/23,6/30/23,2.2
6/8/23,6/30/23,2.2
6/12/23,6/30/23,2.1
6/13/23,6/30/23,2.1
6/14/23,6/30/23,2.2
6/15/23,6/30/23,1.8
6/20/23,6/30/23,1.9
6/22/23,6/30/23,1.9
6/27/23,6/30/23,1.8
6/28/23,6/30/23,1.6
6/30/23,6/30/23,2.2
7/3/23,6/30/23,1.9
7/5/23,6/30/23,2
7/6/23,6/30/23,2.1
7/7/23,6/30/23,2.2
7/10/23,6/30/23,2.3
7/12/23,6/30/23,2.3
7/13/23,6/30/23,2.4
7/14/23,6/30/23,2.4
7/18/23,6/30/23,2.4
7/19/23,6/30/23,2.4
7/20/23,6/30/23,2.4
7/26/23,6/30/23,2.4
7/28/23,9/30/23,3.5
8/1/23,9/30/23,3.9
8/3/23,9/30/23,4
8/4/23,9/30/23,4
8/8/23,9/30/23,4.1
8/10/23,9/30/23,4.1
8/11/23,9/30/23,4.1
8/15/23,9/30/23,5
8/16/23,9/30/23,5.8
8/22/23,9/30/23,5.7
8/23/23,9/30/23,5.7
8/24/23,9/30/23,5.9
8/31/23,9/30/23,5.6
9/1/23,9/30/23,5.6
9/5/23,9/30/23,5.4
9/6/23,9/30/23,5.6
9/8/23,9/30/23,5.6
9/13/23,9/30/23,5.5
9/14/23,9/30/23,4.9
9/15/23,9/30/23,4.9
9/19/23,9/30/23,4.9
9/21/23,9/30/23,4.8
9/26/23,9/30/23,4.8
9/27/23,9/30/23,4.9
9/29/23,9/30/23,4.9
10/2/23,9/30/23,4.9
10/4/23,9/30/23,4.9
10/5/23,9/30/23,4.9
10/6/23,9/30/23,5.1
10/10/23,9/30/23,5.1
10/11/23,9/30/23,5.1
10/12/23,9/30/23,5.1
10/13/23,9/30/23,5.2
10/17/23,9/30/23,5.4
10/18/23,9/30/23,5.4
10/19/23,9/30/23,5.4
10/20/23,9/30/23,5.4
10/25/23,9/30/23,5.4
10/27/23,12/31/23,2.3
11/1/23,12/31/23,1.2
11/2/23,12/31/23,1.4
11/3/23,12/31/23,2.2
11/7/23,12/31/23,2.1
11/8/23,12/31/23,2.1
11/14/23,12/31/23,2.1
11/15/23,12/31/23,2.2
11/16/23,12/31/23,1.8
11/17/23,12/31/23,2
11/21/23,12/31/23,1.9
11/22/23,12/31/23,2.1
11/27/23,12/31/23,1.9
11/29/23,12/31/23,1.8
11/30/23,12/31/23,1.8
12/1/23,12/31/23,1.2
12/4/23,12/31/23,1.3
12/5/23,12/31/23,1.3
12/6/23,12/31/23,1.3
12/7/23,12/31/23,1.2
12/8/23,12/31/23,2.3
12/12/23,12/31/23,2.4
12/13/23,12/31/23,2.4
12/14/23,12/31/23,2.6
12/15/23,12/31/23,2.6
12/19/23,12/31/23,2.7
12/20/23,12/31/23,2.7
12/22/23,12/31/23,2.3
12/28/23,12/31/23,1.9
1/2/24,12/31/23,2
1/3/24,12/31/23,2.5
1/4/24,12/31/23,2.4
1/5/24,12/31/23,2
1/9/24,12/31/23,2.2
1/10/24,12/31/23,2.2
1/11/24,12/31/23,2.2
1/12/24,12/31/23,2.2
1/17/24,12/31/23,2.4
1/18/24,12/31/23,2.4
1/19/24,12/31/23,2.4
1/26/24,3/31/24,3
2/1/24,3/31/24,4.2
2/2/24,3/31/24,3.5
2/5/24,3/31/24,3.5
2/7/24,3/31/24,3.4
2/8/24,3/31/24,3.4
2/12/24,3/31/24,3.4
2/13/24,3/31/24,3.4
2/15/24,3/31/24,2.9
2/16/24,3/31/24,2.9
2/22/24,3/31/24,2.9
2/26/24,3/31/24,3.2
2/27/24,3/31/24,3.2
2/29/24,3/31/24,3
3/1/24,3/31/24,2.1
3/5/24,3/31/24,2.6
3/6/24,3/31/24,2.5
3/7/24,3/31/24,2.5
3/8/24,3/31/24,3.2
3/12/24,3/31/24,3.2
3/14/24,3/31/24,2.3
3/15/24,3/31/24,2
3/19/24,3/31/24,2.1
3/21/24,3/31/24,2.2
3/25/24,3/31/24,2.2
3/26/24,3/31/24,2.1
3/29/24,3/31/24,2.3
4/1/24,3/31/24,2.8
4/2/24,3/31/24,2.8
4/3/24,3/31/24,2.5
4/4/24,3/31/24,2.5
4/5/24,3/31/24,2.3
4/10/24,3/31/24,2.4
4/11/24,3/31/24,2.4
4/12/24,3/31/24,2.4
4/15/24,3/31/24,2.8
4/16/24,3/31/24,2.9
4/18/24,3/31/24,2.9
4/23/24,3/31/24,2.8
4/24/24,3/31/24,2.7
4/26/24,6/30/24,3.9
5/1/24,6/30/24,3.3
5/2/24,6/30/24,3.3
5/3/24,6/30/24,4.1
5/8/24,6/30/24,4.2
5/10/24,6/30/24,4.2
5/14/24,6/30/24,4.2
5/15/24,6/30/24,3.8
5/16/24,6/30/24,3.6
5/22/24,6/30/24,3.6
5/23/24,6/30/24,3.4
5/24/24,6/30/24,3.5
5/31/24,6/30/24,2.7
6/3/24,6/30/24,1.8
6/4/24,6/30/24,2.3
6/5/24,6/30/24,2.4
6/6/24,6/30/24,2.6
6/7/24,6/30/24,3.1
6/12/24,6/30/24,3.1
6/13/24,6/30/24,3.2
6/14/24,6/30/24,3.2
6/18/24,6/30/24,3.1
6/20/24,6/30/24,3
6/21/24,6/30/24,3
6/26/24,6/30/24,3
6/27/24,6/30/24,2.7
6/28/24,6/30/24,2.2
7/1/24,6/30/24,1.7
7/3/24,6/30/24,1.5
7/5/24,6/30/24,2
7/10/24,6/30/24,2
7/11/24,6/30/24,2
7/12/24,6/30/24,2
7/16/24,6/30/24,2.5
7/17/24,6/30/24,2.7
7/23/24,6/30/24,2.6
7/24/24,6/30/24,2.6
7/26/24,9/30/24,2.8
8/1/24,9/30/24,2.5
8/2/24,9/30/24,2.9
8/5/24,9/30/24,2.9
8/6/24,9/30/24,2.9
8/8/24,9/30/24,2.9
8/13/24,9/30/24,2.9
8/14/24,9/30/24,2.9
8/15/24,9/30/24,2.4
8/16/24,9/30/24,2
8/22/24,9/30/24,2
8/23/24,9/30/24,2
8/26/24,9/30/24,2
8/30/24,9/30/24,2.5
9/3/24,9/30/24,2
9/4/24,9/30/24,2.1
9/5/24,9/30/24,2
9/6/24,9/30/24,2.5
9/9/24,9/30/24,2.5
9/11/24,9/30/24,2.5
9/12/24,9/30/24,2.5
9/13/24,9/30/24,2.6
9/17/24,9/30/24,3
9/18/24,9/30/24,2.9
9/19/24,9/30/24,2.9
9/25/24,9/30/24,2.8
9/27/24,9/30/24,3.1
10/1/24,9/30/24,2.5
10/3/24,9/30/24,3.1
10/4/24,9/30/24,3.3
10/8/24,9/30/24,3.2
10/9/24,9/30/24,3.2
10/10/24,9/30/24,3.2
10/11/24,9/30/24,3.2
10/16/24,9/30/24,3.2
10/17/24,9/30/24,3.4
10/18/24,9/30/24,3.4
10/23/24,9/30/24,3.4
10/24/24,9/30/24,3.5
10/25/24,9/30/24,3.3
10/29/24,9/30/24,2.8
10/31/24,12/31/24,2.7
11/1/24,12/31/24,2.3
11/4/24,12/31/24,2.4
11/5/24,12/31/24,2.4
11/7/24,12/31/24,2.5
11/13/24,12/31/24,2.5
11/14/24,12/31/24,2.5
11/15/24,12/31/24,2.5
11/19/24,12/31/24,2.6
11/21/24,12/31/24,2.6
11/26/24,12/31/24,2.8
11/27/24,12/31/24,2.7
12/2/24,12/31/24,3.2
12/4/24,12/31/24,3.1
12/5/24,12/31/24,3.3
12/6/24,12/31/24,3.3
12/9/24,12/31/24,3.3
12/11/24,12/31/24,3.4
12/12/24,12/31/24,3.3
12/13/24,12/31/24,3.3
12/17/24,12/31/24,3.1
12/18/24,12/31/24,3.2
12/20/24,12/31/24,3.1
12/24/24,12/31/24,3.1
12/27/24,12/31/24,2.5
1/2/25,12/31/24,2.6
1/3/25,12/31/24,2.4
1/6/25,12/31/24,2.6
1/7/25,12/31/24,2.7
1/9/25,12/31/24,2.7
1/10/25,12/31/24,2.7
1/14/25,12/31/24,2.8
1/15/25,12/31/24,2.8
1/16/25,12/31/24,3
1/17/25,12/31/24,3
1/24/25,12/31/24,3
1/27/25,12/31/24,3
1/28/25,12/31/24,3.2
1/29/25,12/31/24,2.3
1/31/25,3/31/25,2.9
2/3/25,3/31/25,3.9
2/4/25,3/31/25,3
2/5/25,3/31/25,2.9
2/7/25,3/31/25,2.9
2/12/25,3/31/25,2.9
2/13/25,3/31/25,2.9
2/14/25,3/31/25,2.3
2/19/25,3/31/25,2.3
2/21/25,3/31/25,2.3
2/26/25,3/31/25,2.3
2/28/25,3/31/25,-1.5
3/3/25,3/31/25,-2.8
3/4/25,3/31/25,-2.3
3/5/25,3/31/25,-2.3
3/6/25,3/31/25,-2.4
3/7/25,3/31/25,-1.6
3/12/25,3/31/25,-1.6
3/13/25,3/31/25,-1.6
3/17/25,3/31/25,-2.1
3/18/25,3/31/25,-1.8
3/20/25,3/31/25,-1.7
3/25/25,3/31/25,-1.9
3/26/25,3/31/25,-1.8
3/28/25,3/31/25,-2.8
4/1/25,3/31/25,-3.7
4/2/25,3/31/25,-3
4/3/25,3/31/25,-2.8
4/4/25,3/31/25,-2.4
4/9/25,3/31/25,-2.4
4/10/25,3/31/25,-2.4
4/11/25,3/31/25,-2.4
4/15/25,3/31/25,-2.6
4/16/25,3/31/25,-2.2
4/17/25,3/31/25,-2.2
4/23/25,3/31/25,-2.3
4/24/25,3/31/25,-2.5
4/29/25,3/31/25,-2.7
4/30/25,6/30/25,2.4
5/1/25,6/30/25,1.1
5/2/25,6/30/25,2.2
5/5/25,6/30/25,2.2
5/6/25,6/30/25,2.2
5/8/25,6/30/25,2.3
5/12/25,6/30/25,2.2
5/13/25,6/30/25,2.2
5/15/25,6/30/25,2.5
5/16/25,6/30/25,2.4
5/19/25,6/30/25,2.4
5/22/25,6/30/25,2.3
5/23/25,6/30/25,2.4
5/27/25,6/30/25,2.2
5/30/25,6/30/25,3.8
6/2/25,6/30/25,4.6
6/3/25,6/30/25,4.7
6/4/25,6/30/25,3.5
6/5/25,6/30/25,3.8
6/6/25,6/30/25,3.7
6/9/25,6/30/25,3.8
6/11/25,6/30/25,3.7
6/12/25,6/30/25,3.7
6/17/25,6/30/25,3.5
6/18/25,6/30/25,3.4
6/23/25,6/30/25,3.4
6/25/25,6/30/25,3.4
6/27/25,6/30/25,2.9
7/1/25,6/30/25,2.5
7/2/25,6/30/25,2.4
7/3/25,6/30/25,2.6
7/9/25,6/30/25,2.6
7/11/25,6/30/25,2.5
7/15/25,6/30/25,2.5
7/16/25,6/30/25,2.7
7/17/25,6/30/25,2.4
7/18/25,6/30/25,2.4
7/23/25,6/30/25,2.3
7/24/25,6/30/25,2.4
7/25/25,6/30/25,2.4
7/29/25,6/30/25,2.9
7/31/25,9/30/25,2.3
8/1/25,9/30/25,2.1
8/4/25,9/30/25,2.5
8/5/25,9/30/25,2.5
8/7/25,9/30/25,2.5
8/12/25,9/30/25,2.5
8/14/25,9/30/25,2.5
8/15/25,9/30/25,2.5
8/19/25,9/30/25,2.3
8/21/25,9/30/25,2.2
8/25/25,9/30/25,2.2
8/26/25,9/30/25,2.2
8/29/25,9/30/25,3.5
9/2/25,9/30/25,3
9/3/25,9/30/25,3
9/4/25,9/30/25,3
9/5/25,9/30/25,3.1
9/10/25,9/30/25,3.1
9/11/25,9/30/25,3.1
9/16/25,9/30/25,3.4
9/17/25,9/30/25,3.3
9/24/25,9/30/25,3.4
9/26/25,9/30/25,3.9
10/1/25,9/30/25,3.8
10/3/25,9/30/25,3.8
10/16/25,9/30/25,3.9
10/23/25,9/30/25,3.9
10/24/25,9/30/25,3.9
11/3/25,9/30/25,4
11/5/25,9/30/25,4
11/17/25,9/30/25,4.1
11/18/25,9/30/25,4
11/19/25,9/30/25,4.2
11/20/25,9/30/25,4.2
11/21/25,9/30/25,4.2
11/24/25,9/30/25,4.2
11/25/25,9/30/25,4
11/26/25,9/30/25,3.9
12/1/25,9/30/25,3.9
12/3/25,9/30/25,3.8
12/4/25,9/30/25,3.8
12/5/25,9/30/25,3.5
12/11/25,9/30/25,3.6
12/16/25,9/30/25,3.5
12/23/25,12/31/25,3
1/5/26,12/31/25,2.7
1/6/26,12/31/25,2.9
1/7/26,12/31/25,2.9
1/8/26,12/31/25,5.4
1/9/26,12/31/25,5.1
1/13/26,12/31/25,5.1
1/14/26,12/31/25,5.3
1/15/26,12/31/25,5.2
1/16/26,12/31/25,5.3
1/21/26,12/31/25,5.4
1/22/26,12/31/25,5.4
1/26/26,12/31/25,5.4
1/29/26,12/31/25,4.2
1/30/26,12/31/25,4.2
2/2/26,12/31/25,4.2
2/4/26,12/31/25,4.2
2/10/26,12/31/25,3.7
2/11/26,12/31/25,3.7
2/12/26,12/31/25,3.6
2/13/26,12/31/25,3.6
2/18/26,12/31/25,3.6
2/19/26,12/31/25,3