experiment,model,origin_date,information_cutoff,target_quarter,g_hat_saar,status,error,foundation_features
prior_origin_19_quarterly,naive_last,2026-09-04T00:00:00,2026-09-03,2026Q3,0.0,ok,,
prior_origin_19_quarterly,last_growth,2026-09-04T00:00:00,2026-09-03,2026Q3,1.4836587880019794,ok,,
prior_origin_19_quarterly,mean_growth,2026-09-04T00:00:00,2026-09-03,2026Q3,2.026799425798384,ok,,
prior_origin_19_quarterly,ar4,2026-09-04T00:00:00,2026-09-03,2026Q3,1.999731596068658,ok,,
prior_origin_19_quarterly,bridge_ridge,2026-09-04T00:00:00,2026-09-03,2026Q3,1.1807552526181648,ok,,
prior_origin_19_quarterly,mean,2026-09-04T00:00:00,2026-09-03,2026Q3,-61.65615200017582,ok,,
prior_origin_19_quarterly,drift,2026-09-04T00:00:00,2026-09-03,2026Q3,2.026799425798384,ok,,
prior_origin_19_quarterly,seasonal_naive,2026-09-04T00:00:00,2026-09-03,2026Q3,-3.941724250009395,ok,,
prior_origin_19_quarterly,random_normal,2026-09-04T00:00:00,2026-09-03,2026Q3,13.661278318491595,ok,,
prior_origin_19_quarterly,random_uniform,2026-09-04T00:00:00,2026-09-03,2026Q3,27.430062617152284,ok,,
prior_origin_19_quarterly,random_permutation,2026-09-04T00:00:00,2026-09-03,2026Q3,0.7399609712167419,ok,,
prior_origin_19_quarterly,auto_arima,2026-09-04T00:00:00,2026-09-03,2026Q3,2.1774727933954163,ok,,
prior_origin_19_quarterly,auto_ets,2026-09-04T00:00:00,2026-09-03,2026Q3,2.1713950827945174,ok,,
prior_origin_19_quarterly,theta,2026-09-04T00:00:00,2026-09-03,2026Q3,1.5590963437717047,ok,,
prior_origin_19_quarterly,local_trend_ssm,2026-09-04T00:00:00,2026-09-03,2026Q3,2.1634741963991453,ok,,
prior_origin_19_quarterly,random_forest,2026-09-04T00:00:00,2026-09-03,2026Q3,1.1876988491963436,ok,,
prior_origin_19_quarterly,xgboost,2026-09-04T00:00:00,2026-09-03,2026Q3,1.3688361751917566,ok,,
prior_origin_19_quarterly,bvar_minnesota_8,2026-09-04T00:00:00,2026-09-03,2026Q3,3.112316416183452,ok,,
prior_origin_19_quarterly,bvar_minnesota_20,2026-09-04T00:00:00,2026-09-03,2026Q3,4.548528801274853,ok,,
prior_origin_19_quarterly,bvar_minnesota_growth_8,2026-09-04T00:00:00,2026-09-03,2026Q3,2.0909855385981366,ok,,
prior_origin_19_quarterly,bvar_minnesota_growth_20,2026-09-04T00:00:00,2026-09-03,2026Q3,4.427815115095095,ok,,
prior_origin_19_quarterly,factor_pca_qd,2026-09-04T00:00:00,2026-09-03,2026Q3,1.7967453553958117,ok,,
prior_origin_19_quarterly,mixed_freq_dfm_md,2026-09-04T00:00:00,2026-09-03,2026Q3,2.252755988991782,ok,,
prior_origin_19_quarterly,lstm_univariate,2026-09-04T00:00:00,2026-09-03,2026Q3,1.4739678011331947,ok,,
prior_origin_19_quarterly,lstm_multivariate,2026-09-04T00:00:00,2026-09-03,2026Q3,0.7454124797596523,ok,,
prior_origin_19_quarterly,ensemble_avg_top3,2026-09-04T00:00:00,2026-09-03,2026Q3,1.7942990854634788,ok,,
prior_origin_19_quarterly,ensemble_weighted_top5,2026-09-04T00:00:00,2026-09-03,2026Q3,1.7228944343657884,ok,,
prior_origin_19_quarterly,chronos2,2026-09-04T00:00:00,2026-09-03,2026Q3,4.065581946005165,ok,,
prior_origin_19_quarterly,chronos2_covariates,2026-09-04T00:00:00,2026-09-03,2026Q3,2.804517893766727,ok,,
prior_origin_19_quarterly,tabpfn_bridge,2026-09-04T00:00:00,2026-09-03,2026Q3,1.7127734128866072,ok,,
prior_origin_19_quarterly,tabpfn_ts,2026-09-04T00:00:00,2026-09-03,2026Q3,-0.0893272242675187,ok,,
prior_origin_19_quarterly,timesfm3,2026-09-04T00:00:00,2026-09-03,2026Q3,2.1649515212136228,ok,,
refreshed_19_quarterly,naive_last,2026-09-06T00:00:00,2026-09-05,2026Q3,0.0,ok,,
refreshed_19_quarterly,last_growth,2026-09-06T00:00:00,2026-09-05,2026Q3,1.4836587880019794,ok,,
refreshed_19_quarterly,mean_growth,2026-09-06T00:00:00,2026-09-05,2026Q3,2.026799425798384,ok,,
refreshed_19_quarterly,ar4,2026-09-06T00:00:00,2026-09-05,2026Q3,1.999731596068658,ok,,
refreshed_19_quarterly,bridge_ridge,2026-09-06T00:00:00,2026-09-05,2026Q3,1.9812489001539777,ok,,
refreshed_19_quarterly,mean,2026-09-06T00:00:00,2026-09-05,2026Q3,-61.65615200017582,ok,,
refreshed_19_quarterly,drift,2026-09-06T00:00:00,2026-09-05,2026Q3,2.026799425798384,ok,,
refreshed_19_quarterly,seasonal_naive,2026-09-06T00:00:00,2026-09-05,2026Q3,-3.941724250009395,ok,,
refreshed_19_quarterly,random_normal,2026-09-06T00:00:00,2026-09-05,2026Q3,3.0030850392614505,ok,,
refreshed_19_quarterly,random_uniform,2026-09-06T00:00:00,2026-09-05,2026Q3,-15.424516241542843,ok,,
refreshed_19_quarterly,random_permutation,2026-09-06T00:00:00,2026-09-05,2026Q3,1.290696770236949,ok,,
refreshed_19_quarterly,auto_arima,2026-09-06T00:00:00,2026-09-05,2026Q3,2.1774727933954163,ok,,
refreshed_19_quarterly,auto_ets,2026-09-06T00:00:00,2026-09-05,2026Q3,2.1713950827945174,ok,,
refreshed_19_quarterly,theta,2026-09-06T00:00:00,2026-09-05,2026Q3,1.5590963437717047,ok,,
refreshed_19_quarterly,local_trend_ssm,2026-09-06T00:00:00,2026-09-05,2026Q3,2.1634741963991453,ok,,
refreshed_19_quarterly,random_forest,2026-09-06T00:00:00,2026-09-05,2026Q3,1.835594226803042,ok,,
refreshed_19_quarterly,xgboost,2026-09-06T00:00:00,2026-09-05,2026Q3,1.5630332352336234,ok,,
refreshed_19_quarterly,bvar_minnesota_8,2026-09-06T00:00:00,2026-09-05,2026Q3,3.0996524488876567,ok,,
refreshed_19_quarterly,bvar_minnesota_20,2026-09-06T00:00:00,2026-09-05,2026Q3,4.538937555219329,ok,,
refreshed_19_quarterly,bvar_minnesota_growth_8,2026-09-06T00:00:00,2026-09-05,2026Q3,2.0823292102900104,ok,,
refreshed_19_quarterly,bvar_minnesota_growth_20,2026-09-06T00:00:00,2026-09-05,2026Q3,4.4242325200370605,ok,,
refreshed_19_quarterly,factor_pca_qd,2026-09-06T00:00:00,2026-09-05,2026Q3,2.221855273598688,ok,,
refreshed_19_quarterly,mixed_freq_dfm_md,2026-09-06T00:00:00,2026-09-05,2026Q3,2.062387115060699,ok,,
refreshed_19_quarterly,lstm_univariate,2026-09-06T00:00:00,2026-09-05,2026Q3,1.4971680633395876,ok,,
refreshed_19_quarterly,lstm_multivariate,2026-09-06T00:00:00,2026-09-05,2026Q3,0.8100334775819139,ok,,
refreshed_19_quarterly,ensemble_avg_top3,2026-09-06T00:00:00,2026-09-05,2026Q3,2.0679788148134928,ok,,
refreshed_19_quarterly,ensemble_weighted_top5,2026-09-06T00:00:00,2026-09-05,2026Q3,2.0072208656363606,ok,,
refreshed_19_quarterly,chronos2,2026-09-06T00:00:00,2026-09-05,2026Q3,4.065581946005165,ok,,
refreshed_19_quarterly,chronos2_covariates,2026-09-06T00:00:00,2026-09-05,2026Q3,3.089782865680074,ok,,quarterly
refreshed_19_quarterly,tabpfn_bridge,2026-09-06T00:00:00,2026-09-05,2026Q3,1.9518638458983597,ok,,quarterly
refreshed_19_quarterly,tabpfn_ts,2026-09-06T00:00:00,2026-09-05,2026Q3,-0.4218792644094662,ok,,
refreshed_19_quarterly,timesfm3,2026-09-06T00:00:00,2026-09-05,2026Q3,2.1649515212136228,ok,,
refreshed_19_monthly_slots,tabpfn_bridge,2026-09-06T00:00:00,2026-09-05,2026Q3,1.6980015578589729,ok,,monthly_slots
refreshed_19_monthly_slots,chronos2_covariates,2026-09-06T00:00:00,2026-09-05,2026Q3,2.0504782288233785,ok,,monthly_slots
expanded_41_monthly_slots,naive_last,2026-09-06T00:00:00,2026-09-05,2026Q3,0.0,ok,,
expanded_41_monthly_slots,last_growth,2026-09-06T00:00:00,2026-09-05,2026Q3,1.4836587880019794,ok,,
expanded_41_monthly_slots,mean_growth,2026-09-06T00:00:00,2026-09-05,2026Q3,2.026799425798384,ok,,
expanded_41_monthly_slots,ar4,2026-09-06T00:00:00,2026-09-05,2026Q3,1.999731596068658,ok,,
expanded_41_monthly_slots,bridge_ridge,2026-09-06T00:00:00,2026-09-05,2026Q3,5.7999057197626325,ok,,
expanded_41_monthly_slots,mean,2026-09-06T00:00:00,2026-09-05,2026Q3,-61.65615200017582,ok,,
expanded_41_monthly_slots,drift,2026-09-06T00:00:00,2026-09-05,2026Q3,2.026799425798384,ok,,
expanded_41_monthly_slots,seasonal_naive,2026-09-06T00:00:00,2026-09-05,2026Q3,-3.941724250009395,ok,,
expanded_41_monthly_slots,random_normal,2026-09-06T00:00:00,2026-09-05,2026Q3,3.0030850392614505,ok,,
expanded_41_monthly_slots,random_uniform,2026-09-06T00:00:00,2026-09-05,2026Q3,-15.424516241542843,ok,,
expanded_41_monthly_slots,random_permutation,2026-09-06T00:00:00,2026-09-05,2026Q3,1.290696770236949,ok,,
expanded_41_monthly_slots,auto_arima,2026-09-06T00:00:00,2026-09-05,2026Q3,2.1774727933954163,ok,,
expanded_41_monthly_slots,auto_ets,2026-09-06T00:00:00,2026-09-05,2026Q3,2.1713950827945174,ok,,
expanded_41_monthly_slots,theta,2026-09-06T00:00:00,2026-09-05,2026Q3,1.5590963437717047,ok,,
expanded_41_monthly_slots,local_trend_ssm,2026-09-06T00:00:00,2026-09-05,2026Q3,2.1634741963991453,ok,,
expanded_41_monthly_slots,random_forest,2026-09-06T00:00:00,2026-09-05,2026Q3,1.5016390636298989,ok,,
expanded_41_monthly_slots,xgboost,2026-09-06T00:00:00,2026-09-05,2026Q3,1.711594253021509,ok,,
expanded_41_monthly_slots,bvar_minnesota_8,2026-09-06T00:00:00,2026-09-05,2026Q3,3.0996524488876567,ok,,
expanded_41_monthly_slots,bvar_minnesota_20,2026-09-06T00:00:00,2026-09-05,2026Q3,4.538937555219329,ok,,
expanded_41_monthly_slots,bvar_minnesota_growth_8,2026-09-06T00:00:00,2026-09-05,2026Q3,2.0823292102900104,ok,,
expanded_41_monthly_slots,bvar_minnesota_growth_20,2026-09-06T00:00:00,2026-09-05,2026Q3,4.4242325200370605,ok,,
expanded_41_monthly_slots,factor_pca_qd,2026-09-06T00:00:00,2026-09-05,2026Q3,4.824464315494628,ok,,
expanded_41_monthly_slots,mixed_freq_dfm_md,2026-09-06T00:00:00,2026-09-05,2026Q3,2.2232540392633378,ok,,
expanded_41_monthly_slots,lstm_univariate,2026-09-06T00:00:00,2026-09-05,2026Q3,1.4971680633395876,ok,,
expanded_41_monthly_slots,lstm_multivariate,2026-09-06T00:00:00,2026-09-05,2026Q3,2.32813063770549,ok,,
expanded_41_monthly_slots,ensemble_avg_top3,2026-09-06T00:00:00,2026-09-05,2026Q3,2.0679788148134928,ok,,
expanded_41_monthly_slots,ensemble_weighted_top5,2026-09-06T00:00:00,2026-09-05,2026Q3,1.860943284297622,ok,,
expanded_41_monthly_slots,chronos2,2026-09-06T00:00:00,2026-09-05,2026Q3,4.065581946005165,ok,,
expanded_41_monthly_slots,chronos2_covariates,2026-09-06T00:00:00,2026-09-05,2026Q3,2.471739848536621,ok,,monthly_slots
expanded_41_monthly_slots,tabpfn_bridge,2026-09-06T00:00:00,2026-09-05,2026Q3,2.027130242309957,ok,,monthly_slots
expanded_41_monthly_slots,tabpfn_ts,2026-09-06T00:00:00,2026-09-05,2026Q3,-0.4218792644094662,ok,,
expanded_41_monthly_slots,timesfm3,2026-09-06T00:00:00,2026-09-05,2026Q3,2.1649515212136228,ok,,
