model,horizon,release_stage,n,n_requested,rmse,mae,baseline_rmse,rel_rmse
ar4,1,first,4,4,0.5697928829974134,0.3999675258110927,2.3612709528664175,0.2413077085904625
ar4,1,second,4,4,0.5655335204471074,0.4164163146749466,2.369792760043261,0.2386426062153989
ar4,1,third,4,4,0.5859091477396909,0.4126073939076455,2.386953104867843,0.2454632001545462
auto_arima,1,first,4,4,0.6473615923193916,0.4297038251796939,2.3612709528664175,0.2741581145245275
auto_arima,1,second,4,4,0.6118285716165808,0.462394447461988,2.369792760043261,0.258178091321965
auto_arima,1,third,4,4,0.6440833032768234,0.486774940335165,2.386953104867843,0.2698349213326853
auto_ets,1,first,4,4,0.7398683999536084,0.5280835923416396,2.3612709528664175,0.3133348161740862
auto_ets,1,second,4,4,0.7063549123564491,0.5522127941780062,2.369792760043261,0.298066111208625
auto_ets,1,third,4,4,0.7340308103051857,0.564128583845446,2.386953104867843,0.307517901716727
bridge_ridge,1,first,4,4,0.4228009795447801,0.312990998626369,2.3612709528664175,0.1790565284477537
bridge_ridge,1,second,4,4,0.3394374558135453,0.265206729959323,2.369792760043261,0.1432350801035229
bridge_ridge,1,third,4,4,0.3388170461492038,0.2575727999002039,2.386953104867843,0.1419454137822129
bvar_minnesota_20,1,first,4,4,0.7149965324311879,0.4884552734745075,2.3612709528664175,0.3028015618297562
bvar_minnesota_20,1,second,4,4,0.7033515396477751,0.5125844753108741,2.369792760043261,0.2967987545184901
bvar_minnesota_20,1,third,4,4,0.727801820763582,0.5245002649783139,2.386953104867843,0.3049083030912238
bvar_minnesota_8,1,first,4,4,0.4468313060616853,0.3600575879931141,2.3612709528664175,0.189233389552039
bvar_minnesota_8,1,second,4,4,0.419485635969729,0.376506376856968,2.369792760043261,0.1770136372439888
bvar_minnesota_8,1,third,4,4,0.4332870920560713,0.3726974560896668,2.386953104867843,0.1815230852975056
bvar_minnesota_growth_20,1,first,4,4,0.6414472049975183,0.4329926084690919,2.3612709528664175,0.2716533671067466
bvar_minnesota_growth_20,1,second,4,4,0.6314219096522787,0.4494413973329457,2.369792760043261,0.2664460455355396
bvar_minnesota_growth_20,1,third,4,4,0.6535660935627802,0.4456365921732973,2.386953104867843,0.2738076806913078
bvar_minnesota_growth_8,1,first,4,4,0.5981133093499537,0.486596169863751,2.3612709528664175,0.2533014301572998
bvar_minnesota_growth_8,1,second,4,4,0.5867975026880654,0.5030449587276049,2.369792760043261,0.2476155352408762
bvar_minnesota_growth_8,1,third,4,4,0.5998027088583888,0.4992360379603038,2.386953104867843,0.2512838260773446
drift,1,first,4,4,0.7382185669038341,0.5266028243279122,2.3612709528664175,0.3126361106537513
drift,1,second,4,4,0.7049257139847113,0.5507320261642787,2.369792760043261,0.2974630211849591
drift,1,third,4,4,0.7326203714963105,0.5626478158317185,2.386953104867843,0.3069270066522204
ensemble_avg_top3,1,first,4,4,0.5757270312096819,0.3874957197993827,2.3612709528664175,0.2438208247599834
ensemble_avg_top3,1,second,4,4,0.5483061601398546,0.4201863420816767,2.369792760043261,0.2313730421430797
ensemble_avg_top3,1,third,4,4,0.578308693208279,0.4445668349548538,2.386953104867843,0.2422790343173909
ensemble_weighted_top5,1,first,4,4,0.5385922402138494,0.319305052122005,2.3612709528664175,0.2280942132287005
ensemble_weighted_top5,1,second,4,4,0.4932863857717267,0.3254554595607067,2.369792760043261,0.2081559172974778
ensemble_weighted_top5,1,third,4,4,0.5227084902938776,0.3373712492281465,2.386953104867843,0.2189856554902104
factor_pca_qd,1,first,4,4,0.5021079934948313,0.4058198069975691,2.3612709528664175,0.2126431076811864
factor_pca_qd,1,second,4,4,0.4292907872194546,0.373129184715275,2.369792760043261,0.1811511936645539
factor_pca_qd,1,third,4,4,0.419502045617361,0.348748691842098,2.386953104867843,0.1757479209632764
last_growth,1,first,4,4,0.736676606424087,0.5487579513638697,2.3612709528664175,0.3119830892468369
last_growth,1,second,4,4,0.7090050421920849,0.5271489564415532,2.369792760043261,0.2991844072386911
last_growth,1,third,4,4,0.7376448883052211,0.5473661999787904,2.386953104867843,0.3090319984925141
local_trend_ssm,1,first,4,4,0.5302741529936126,0.4724337598394911,2.3612709528664175,0.22457149712103
local_trend_ssm,1,second,4,4,0.4835030542078313,0.3958557063952334,2.369792760043261,0.2040275683005314
local_trend_ssm,1,third,4,4,0.5047907186096359,0.4146365613577371,2.386953104867843,0.2114791101593863
lstm_multivariate,1,first,4,4,0.7381352937737896,0.5964311733105313,2.3612709528664175,0.31260084442141
lstm_multivariate,1,second,4,4,0.7815690492917089,0.6128799621743852,2.369792760043261,0.3298048092937212
lstm_multivariate,1,third,4,4,0.7720290181473252,0.6229722747390263,2.386953104867843,0.3234370279721392
lstm_univariate,1,first,4,4,0.4630348268535434,0.3817685048736093,2.3612709528664175,0.1960955926262725
lstm_univariate,1,second,4,4,0.3960742786053152,0.3051904514293515,2.369792760043261,0.1671345635295488
lstm_univariate,1,third,4,4,0.4251946321617194,0.3239713063918552,2.386953104867843,0.1781327966999422
mean,1,first,4,4,46.03107865103912,46.028371958354896,2.3612709528664175,19.494195952040418
mean,1,second,4,4,46.05575809250465,46.05250116019126,2.369792760043261,19.4345087338624
mean,1,third,4,4,46.06766204212107,46.0644169498587,2.386953104867843,19.299776752284235
mean_growth,1,first,4,4,0.7382185669038341,0.5266028243279122,2.3612709528664175,0.3126361106537513
mean_growth,1,second,4,4,0.7049257139847113,0.5507320261642787,2.369792760043261,0.2974630211849591
mean_growth,1,third,4,4,0.7326203714963105,0.5626478158317185,2.386953104867843,0.3069270066522204
mixed_freq_dfm_md,1,first,4,4,0.6874524809415681,0.4343230081442963,2.3612709528664175,0.291136635593238
mixed_freq_dfm_md,1,second,4,4,0.6561986782855674,0.4670136304265904,2.369792760043261,0.2769012925305706
mixed_freq_dfm_md,1,third,4,4,0.6863916722988667,0.4913941232997674,2.386953104867843,0.2875597643284532
naive_last,1,first,4,4,2.3612709528664175,2.3070650812126243,2.3612709528664175,1.0
naive_last,1,second,4,4,2.369792760043261,2.3311942830489913,2.369792760043261,1.0
naive_last,1,third,4,4,2.386953104867843,2.343110072716431,2.386953104867843,1.0
random_forest,1,first,4,4,0.7332390299062091,0.6220102256811102,2.3612709528664175,0.3105272730417102
random_forest,1,second,4,4,0.7094213439573255,0.5855705310963462,2.369792760043261,0.2993600773530824
random_forest,1,third,4,4,0.7159609680063348,0.5974863207637859,2.386953104867843,0.2999476472940489
random_normal,1,first,4,4,2.0336822670469337,1.7980392469026754,2.3612709528664175,0.8612659485681581
random_normal,1,second,4,4,2.059220842810679,1.822168448739042,2.369792760043261,0.868945537150298
random_normal,1,third,4,4,2.076671495442618,1.834084238406482,2.386953104867843,0.870009340027481
random_permutation,1,first,4,4,3.287764985896094,2.074705122052948,2.3612709528664175,1.392370910210443
random_permutation,1,second,4,4,3.2673094421684064,1.9895656481627628,2.369792760043261,1.3787321394756733
random_permutation,1,third,4,4,3.2585659835076823,1.995881799919529,2.386953104867843,1.3651571021074156
random_uniform,1,first,4,4,7.596048621861694,6.900891952223756,2.3612709528664175,3.216932225689993
random_uniform,1,second,4,4,7.534959267049804,6.8234328913060835,2.369792760043261,3.179585740194536
random_uniform,1,third,4,4,7.553518057080418,6.845473753497592,2.386953104867843,3.1645020765913325
seasonal_naive,1,first,4,4,9.959507660921604,9.824886574993249,2.3612709528664175,4.217858881815939
seasonal_naive,1,second,4,4,9.967069023926564,9.849015776829615,2.369792760043261,4.205882131121294
seasonal_naive,1,third,4,4,9.98243069855377,9.860931566497054,2.386953104867843,4.182080778292652
theta,1,first,4,4,3.164090139600326,3.0092663715010284,2.3612709528664175,1.3399945210689783
theta,1,second,4,4,3.161680614013774,3.0333955733373954,2.369792760043261,1.3341591160722666
theta,1,third,4,4,3.1810247433736527,3.0453113630048345,2.386953104867843,1.3326716544562256
xgboost,1,first,4,4,2.414270981766528,1.9478355675374115,2.3612709528664175,1.0224455515517066
xgboost,1,second,4,4,2.3991933839952155,1.8858905043402756,2.369792760043261,1.0124064114160842
xgboost,1,third,4,4,2.4044731782562616,1.8978062940077152,2.386953104867843,1.0073399319629233
